id,name,content,metadata_contenttype,metadata_url,full_text
1,کلینیک دندان‌پزشکی هما,کلینیک دندانپزشکی هما - افزایش ویزیت حضوری - پروتز دندان آلمانی و سوئیسی - تبلیغات کلیدواژه‌ای برای بازنشستگان - تبلیغات موضوعی در محتوای سیاسی اقتصادی - تبلیغات درون‌اپلیکیشنی آخرین خبر - کمپین ریتارگتینگ مخاطبان غیرفعال - طراحی لندینگ پیج با تخفیف و ضمانت - هدف‌گیری سنی بالای ۵۰ سال - پرداخت قسطی خدمات دندانپزشکی,casestudy,https://www.yektanet.com/wp-content/uploads/2023/08/homa.pdf,"کلینیک دندانپزشکی هما یک مرکز درمانی در حوزه‌ی دندانپزشکی است که با هدف افزایش تعداد مشتریان حضوری و افزایش ویزیت‌های روزانه اقدام به تبلیغات کرده است.

مخاطبین هدف این تبلیغات، زنان و مردان بالای ۵۰ سال هستند که عمدتاً به خدماتی مانند پروتز دندان نیاز دارند.

چالش اصلی این کسب‌وکار، نداشتن لندینگ پیج مناسب و عدم استفاده مؤثر از ظرفیت تبلیغات دیجیتال برای جذب مشتریان جدید بود.

در همین راستا، یکتانت مجموعه‌ای از اقدامات هدفمند را برای این کلینیک انجام داد که شامل موارد زیر است:

طراحی یک لندینگ پیج مؤثر با استفاده از سرویس «لندین» که در آن ویژگی‌هایی مانند تخفیف ۲۰ درصدی، پرداخت قسطی، ارائه پروتزهای آلمانی و سوئیسی،
 و بازپرداخت وجه در صورت نارضایتی به کاربران نمایش داده شد. 
این صفحه با هدف افزایش تماس تلفنی طراحی شده بود و از ویدئوی معرفی، نمونه‌کارها، و نظرات مشتریان استفاده شد.

اجرای کمپین‌های تبلیغات کلیدواژه‌ای، که علاوه بر کلمات مرتبط با دندانپزشکی، از کلیدواژه‌های مورد توجه افراد بالای ۵۰ سال مانند «بازنشسته»، «بیمه» و «سهام عدالت» نیز بهره برد.

اجرای کمپین تبلیغات موضوعی در صفحات با محتوای سیاسی و اقتصادی، زیرا این دسته محتوا بیشتر توسط مخاطبین هدف دنبال می‌شود.

اجرای تبلیغات درون‌اپلیکیشنی در اپلیکیشن «آخرین خبر» به دلیل تطابق پرسونای مخاطبین آن با مخاطبان هدف کلینیک.

اجرای کمپین ریتارگتینگ برای کاربرانی که به لندینگ پیج مراجعه کرده ولی هنوز تماس نگرفته بودند، با هدف بازگرداندن آن‌ها و تبدیلشان به مشتری.

همه این اقدامات در کنار طراحی محتوای تبلیغاتی متنوع، منجر به افزایش چشمگیر ویزیت‌های حضوری کلینیک شد، تا جایی که ظرفیت روزانه کلینیک به حداکثر خود رسید."
2,آکادمی کنکور امروز,استراتژی تبلیغاتی جامع - افزایش لید بدون افزایش CPL - کمپین ریتارگتینگ آموزشی - بهینه‌سازی لندینگ پیج - تبلیغات هدفمند کنکور - دانش‌آموزان پایه نهم تا یازدهم - تحلیل رفتار کاربران - تبلیغات درون اپلیکیشنی - محتواهای تبلیغاتی جذاب - استراتژی تبلیغاتی کنکور,casestudy,https://www.yektanet.com/wp-content/uploads/2023/09/academy-emrooz-case-study.pdf,"اسم و نوع کسب‌و‌کار:
آکادمی امروز، مجموعه‌ای آموزشی در حوزه دروس کنکور.
هدف از تبلیغات:
افزایش تعداد لیدها بدون افزایش هزینه جذب هر لید (CPL).
مخاطبین هدف:
دانش‌آموزان پایه نهم تا یازدهم و اولیای آن‌ها.
چالش‌ها:
افزایش لید با کنترل هزینه‌ها و نیاز به استراتژی مؤثر تبلیغاتی.
اقدامات و کمپین‌های اجرا شده با ذکر جزئیات:
مشاوره و طراحی استراتژی تبلیغاتی:
یکتانت با تحلیل ظرفیت‌های داخلی آکادمی امروز، محصولات آموزشی و مزیت‌های رقابتی آن، استراتژی جامعی طراحی کرد. این استراتژی شامل تعیین گروه‌های هدف، بهینه‌سازی محتوا و مسیر تبلیغاتی کاربران بود.
بهبود لندینگ پیج:
لندینگ‌پیج‌ها به عنوان اولین نقطه تماس کاربر با کسب‌وکار، بهینه‌سازی شدند تا نرخ تبدیل افزایش یابد. همچنین ابزارهای رصد رفتار کاربران برای تحلیل نقاط قوت و ضعف صفحات راه‌اندازی شد.
ایجاد کمپین‌های هدفمند کلیدواژه‌ای، موضوعی و رفتارمحور:
در کمپین‌های کلیدواژه‌ای، عباراتی مانند «کنکور زیست پایه»، «رشته تجربی» و... هدف قرار گرفت.

در کمپین‌های موضوعی و رفتارمحور، علاقه‌مندی‌های نوجوانان مثل سینما، تکنولوژی و ورزش لحاظ شد.

مخاطبین به‌طور دقیق دسته‌بندی و هدف‌گیری شدند تا محتوای تبلیغاتی متناسب با علایق آن‌ها نمایش یابد.

اجرای کمپین‌های ریتارگتینگ:
برای جذب مجدد کاربرانی که در بازدید اول تبدیل به لید نشده بودند، تبلیغات ریتارگتینگ اجرا شد. مثلاً کاربری که روی تبلیغ کلیک کرده اما فرم را پر نکرده بود،
 چند روز بعد در سایت دیگری تبلیغ متفاوت‌تری از آکادمی امروز را می‌دید که او را به پر کردن فرم ترغیب می‌کرد.

کمپین‌های درون اپلیکیشنی:
کمپین‌هایی در اپلیکیشن‌های موبایلی اجرا شد تا حضور برند در مسیرهای مختلف دیجیتال تقویت شود.

محتواهای تبلیغاتی جذاب و هدفمند:
محتوایی با پیام‌هایی مانند:

«می‌خوای زیست رو تو کنکور ۱۰۰ بزنی؟»

«۵۰ ساعت آموزش رایگان زیست کنکور و پایه»

«رایگان ثبت‌نام کن + مشاوره رایگان»
این محتواها در قالب تبلیغات تصویری روی موبایل نمایش داده شدند.

رصد و گزارش‌گیری مداوم:
تمام مراحل کمپین‌ها به‌طور مداوم رصد و تحلیل شد تا اثربخشی آن‌ها بررسی شده و اقدامات بهینه‌سازی لازم انجام شود.

نتیجه:
با این اقدامات، آکادمی امروز توانست تعداد لیدها را دو برابر کند، بدون اینکه هزینه جذب هر لید افزایش پیدا کند"
3,کلینیک پوست و موی رویای طلایی,کاهش هزینه جذب لید - افزایش نرخ پاسخ‌گویی مخاطب - کمپین تبلیغات کاشت ابرو - ویدئوی تبلیغاتی نتیجه‌محور - اپلیکیشن‌های زنانه حوزه زیبایی - تبلیغات درون‌اپلیکیشنی هدفمند - بهینه‌سازی لندینگ پیج زیبایی - کمپین‌های Audience Sharing و Retargeting - تولید محتوای تبلیغاتی انسانی - افزایش نرخ کلیک تبلیغات,casestudy,https://www.yektanet.com/wp-content/uploads/2023/08/royaclinic.pdf,"کلینیک پوست و موی رویای طلایی، با هدف کاهش هزینه جذب لید و افزایش نرخ پاسخ‌گویی مخاطبان، اقدام به اجرای کمپین‌های تبلیغاتی گسترده‌ای با همکاری یکتانت نمود.

هدف از تبلیغات:
کاهش هزینه جذب لید و افزایش نرخ پاسخ‌گویی به لیدهای ورودی.

مخاطبین هدف:
بانوانی که به خدمات زیبایی و به‌ویژه کاشت ابرو علاقه‌مند هستند.

چالش‌ها:
بالا بودن هزینه جذب هر لید (۶۰ هزار تومان)

پایین بودن نرخ پاسخ‌گویی لیدها

اقدامات و کمپین‌های اجرا شده:
ساخت ویدئوهای تبلیغاتی مؤثر:

تولید ویدئوهایی با تمرکز بر نتیجه نهایی (به‌جای تصاویر قبل و بعد).

استفاده از المان‌های انسانی و تمرکز بر ناحیه ابرو برای جلب اعتماد بیشتر.

انتشار این ویدئوها در اپلیکیشن‌هایی با پرسونای زنانه و اپلیکیشن آخرین خبر.

افزایش حجم تبلیغات در اپلیکیشن‌ها:

تمرکز بر اپ‌های دارای کاربران خانم و مرتبط با حوزه زیبایی.

استفاده از تبلیغات درون اپلیکیشنی برای افزایش کیفیت لیدها.

اجرای کمپین‌های Audience Sharing و Retargeting:

همکاری با سایت‌هایی در حوزه زیبایی برای ریتارگت کاربران آن‌ها.

دسته‌بندی کاربران قبلی سایت و لندینگ پیج و ارائه پیشنهادهای شخصی‌سازی‌شده برای بازگرداندن آن‌ها.

بهینه‌سازی لندینگ پیج:

تغییر ظاهر کلی صفحه، کاهش تعداد نمونه‌کارها به ۳ ویدئو و ۳ تصویر باکیفیت.

حذف تصاویر قبل و بعد و استفاده فقط از تصاویر «بعد» برای افزایش وضوح تبلیغات.

افزایش نرخ تبدیل از طریق ساده‌سازی و تمرکز روی نتایج واقعی.

تولید محتوای تبلیغاتی هفتگی:

طراحی محتواهای جذاب و انسانی با رنگ‌بندی مناسب و نگارش مؤثر.

رعایت استانداردهای کیفیت برای افزایش نرخ کلیک.

نتایج:
کاهش ۴۲٪ در هزینه جذب لید (از ۶۰ هزار تومان به ۳۵ هزار تومان)

افزایش ۱۲۵٪ در نرخ پاسخ‌گویی لیدها

افزایش ۲۲۷٪ در نرخ کلیک تبلیغات"
4,"
تبلیغات همسان - Native","
تبلیغات همسان - Native",help,https://www.yektanet.com/help/native/,"اکثر تبلیغات در سایت‌ها از چشم کاربران نادیده گرفته می‌شوند و ابه همین دلیل نوع جدیدی از تبلیغات به نام همسان (native) در دنیا به وجود آمد.

تبلیغات همسان به دلیل موقعیت قرارگیری در صفحه و شکل ظاهری که دارند، احتمال دیده شدن بیشتری دارند.

تبلیغات بومی یا همسان (Native Advertising) نوعی از تبلیغات است که از نظر ظاهر، فرم و محتوا کاملاً با پلتفرمی که در آن منتشر می‌شود (وبلاگ‌ها و وب‌سایت‌های خبری و… ) هم‌خوانی دارد.
انواع تبلیغات همسان

تبلیغات همسان انواع مختلفی دارد که در یکتانت هم به عنوان یک نوع کمپین در پنل مشتریان قابل انتخاب هستند.

 
۱. تبلیغات همسان کلیدواژه‌ای
۲. تبلیغات همسان موضوعی
۳. تبلیغات همسان ریتارگتینگ (هدف‌گیری مجدد)
۴. تبلیغات همسان عادی
۵. تبلیغات همسان رفتار‌محور"
5,تبلیغات کلیدواژه‌ای- Keyword Campaigns,تبلیغات کلیدواژه‌ای- Keyword Campaigns,help,https://www.yektanet.com/help/native/,"در این روش از تبلیغات همسان، در مراحل ساخت کمپین انتخاب می‌کنید که چه عبارت‌ها یا کلیدواژه‌هایی به تبلیغ شما ربط دارند و تبلیغ در صفحه‌هایی که همان عبارت‌ها را دارند نمایش داده می‌شود. این کلید واژه‌ها می‌تواند در عنوان، متا تگ یا متن صفحه باشند.

برای مثال صرافی‌هایی را در نظر بگیرید که برای تبلیغات کلید‌واژه‌هایی مانند «دلار»، «بیت‌کوین» و… را در نظر گرفته است. در این حالت تبلیغات مربوطه تنها در صفحاتی با این عناوین و کلیدواژه‌ها به نمایش درمی‌آید که طبعاً هدفمندتر بوده و اثربخشی بالاتری دارد. در تصویر زیر نمونه‌ای از این تبلیغات را می‌بینید.  

<img src=""https://www.yektanet.com/wp-content/uploads/2022/12/کلیدواژه‌ای.png"" alt=""تبلیغات همسان کلیدواژه‌ای "">"
6,تبلیغات موضوعی - Category Campaigns,تبلیغات موضوعی - Category Campaigns,help,https://www.yektanet.com/help/native/,"این نوع از تبلیغات در صفحه‌هایی از وبسایت‌ها نمایش داده می‌شوند که موضوعی مرتبط با تبلیغ دارند. تناسب موضوع صفحه با تبلیغ باعث می‌شود که تبلیغ بیشتر دیده شود و کلیک بیشتری هم بگیرد.

به‌عنوان مثال فرض کنید شما صاحب کسب‌وکاری در زمینه‌ٔ گردشگری مثل هتل یا اجاره ویلا هستید و قصد دارید تبلیغات شما در صفحاتی با موضوعات مرتبط نمایش بگیرند. برای این کار می‌توانید تبلیغات همسان موضوعی یکتانت را انتخاب کرده و بعد موضوعاتی مانند سفر و گردشگری را انتخاب کنید. همانطور هم که در تصویر زیر می‌بینید، تبلیغات سایت «شب» و «مهمان‌شو» در موضوع مرتبطی با گردشگری به‌صورت تبلیغات همسان نشان داده شده است.

شما با این کمپین افرادی با نیازهای مرتبط با حوزه کسب‌وکار خودتان را هدف می‌گیرید.

https://www.yektanet.com/wp-content/uploads/2022/12/%D9%85%D9%88%D8%B6%D9%88%D8%B9%DB%8C3-768x501.png"
7,تبلیغات ریتارگتینگ (هدف‌گیری مجدد) - Retargeting,تبلیغات ریتارگتینگ (هدف‌گیری مجدد) - Retargeting,help,https://www.yektanet.com/help/native/,"با استفاده از این تبلیغات می‌توانید تبلیغات خود را تنها به افرادی که قبلا از وب‌سایت شما بازدید کرده‌اند نمایش دهید.

مطالعه بیشتر: ریتارگتینگ چیست؟
https://www.yektanet.com/blog/482/%D8%B1%DB%8C%D8%AA%D8%A7%D8%B1%DA%AF%D8%AA%DB%8C%D9%86%DA%AF-%DA%86%DB%8C%D8%B3%D8%AA/

فرض کنید شما صاحب یک فروشگاه اینترنتی هستید و کاربران وب‌سایت شما به دلایل مختلفی سایتتان را ترک کرده و خرید آن‌ها در مرحله‌ای متوقف شده است. با استفاده از این نوع تبلیغات می‌توانید این کاربران را مورد هدف قرار داده، نظرشان را دوباره جلب کنید و در نهایت با ریتارگت شدن، آن‌ها را از مشتریان بالقوه به مشتریان نهایی و بالفعل تبدیل کنید.

این فقط یک مثال از کاربرد ریتارگتینگ بود و می‌توانید از این روش برای هدفگیری مجدد ورودی‌های مختلف سایت استفاده کنی"
8,تبلیغات رفتار‌محور - User Segmentation,تبلیغات رفتار‌محور - User Segmentation,help,https://www.yektanet.com/help/native/,"این تبلیغات تنها به کاربرانی نمایش داده می‌شود که در فضای وب‌سایت الگوی رفتاری مشخصی داشته‌اند. برای مثال اگر شما فروشنده‌ٔ محصولاتی در صنعت زیبایی و سلامت هستید، انتخاب کاربرانی از جنس «سلامت» یا «زیبایی و مد» می‌تواند انتخاب هوشمندانه‌ای باشد و کاربران با این الگوی رفتاری را مورد هدف قرار دهد.  

این تبلیغات برخلاف ۲ نوع قبلی با تمرکز بر رفتار کاربر است و الگوریتم نمایش تبلیغات سعی می‌کند نیازهای کاربران را شناسایی کند تا تبلیغ مرتبطی به آنها نمایش دهد."
9,تبلیغات عادی - Bulk,تبلیغات عادی - Bulk,help,https://www.yektanet.com/help/native/,"این نوع پایه از تبلیغات همسان است و در تمام جایگاه‌های همسان وب‌سایت‌ها (ناشران تبلیغات) و به تمام کاربران وب با عنوان‌هایی مانند «مطالب پیشنهادی»، «پیشنهاد روز» و… نمایش داده می‌شوند.

این نوع کمپین‌های همسان برخلاف انواع بعدی که توضیح می‌دهیم، هدفمند نیستند و برای محصولات یا کسب‌وکارهایی مناسب هستند که می‌خواهید به صورت انبوه تبلیغ کنید.

https://www.yektanet.com/wp-content/uploads/2022/12/%D9%86%DB%8C%D8%AA%DB%8C%D9%88-768x473.png"
10,ریتارگتینگ چیست؟,ریتارگتینگ چیست؟,blog,https://www.yektanet.com/blog/482/%D8%B1%DB%8C%D8%AA%D8%A7%D8%B1%DA%AF%D8%AA%DB%8C%D9%86%DA%AF-%DA%86%DB%8C%D8%B3%D8%AA/,
11,شرکت سدناکو (سدنا) - محصولات خانه‌ی هوشمند,"محصولات خانه هوشمند - ترموستات هوشمند - کلید کولر هوشمند - تب‌سنج غیر تماسی - فروش محصولات سلامت‌محور - کمپین کلیدواژه‌ای سلامت - کمپین همسان ریتارگتینگ - بازار پساکرونا - مخاطبان حوزه سلامت - نرخ تبدیل تبلیغات








",casestudy,https://www.yektanet.com/casestudy/%DA%A9%DB%8C%D8%B3%E2%80%8C%D8%A7%D8%B3%D8%AA%D8%A7%D8%AF%DB%8C-%D8%B3%D8%AF%D9%86%D8%A7%DA%A9%D9%88/,"نام و نوع کسب‌وکار:
شرکت سدناکو (سدنا)، ارائه‌دهنده‌ی محصولات خانه‌ی هوشمند است که شامل ترموستات‌های هوشمند، کلیدهای کولر هوشمند و تب‌سنج‌های غیر تماسی می‌شود. این شرکت در حوزه‌ی فناوری‌های هوشمند خانگی فعالیت می‌کند.

هدف از تبلیغات:
هدف اصلی سدنا از اجرای تبلیغات، افزایش فروش یکی از محصولات خاص خود یعنی تب‌سنج طبی غیر تماسی بوده است. این هدف به ویژه پس از شیوع کرونا و افزایش تقاضا برای محصولات سلامت‌محور اهمیت بیشتری یافت.

مخاطبین هدف:
مخاطبان هدف این تبلیغات، افراد و مجموعه‌هایی هستند که به موضوعاتی نظیر سلامت، پزشکی، پیشگیری از بیماری (مانند کرونا)، بیمارستان‌ها، درمانگاه‌ها و پزشکان علاقه‌مندند یا با آن‌ها در ارتباط‌اند. استفاده از کلیدواژه‌هایی مانند «تب‌سنج»، «ماسک»، «ویروس»، «دکتر» و «درمانگاه» در کمپین‌ها، نشان‌دهنده‌ی تمرکز بر مخاطبان دغدغه‌مند حوزه سلامت است.

چالش‌ها:
چالش اصلی سدنا، رقابت در بازار محصولات سلامت‌محور در دوران پساکرونا و نیاز به افزایش فروش یک محصول خاص (تب‌سنج غیر تماسی) بود. همچنین، باید مخاطبانی که یک بار با تبلیغ مواجه شده بودند، به مرحله خرید نزدیک‌تر می‌شدند.

اقدامات و کمپین‌های اجراشده:
برای دستیابی به اهداف خود، سدنا با همکاری شرکت تبلیغاتی یکتانت سه نوع کمپین اجرا کرد:

    کمپین همسان عادی

    کمپین همسان کلیدواژه‌ای (target شده با کلیدواژه‌های مرتبط با سلامت و پزشکی)

    کمپین همسان ریتارگتینگ – که مؤثرترین بوده و نرخ تبدیل بهتری داشته است."
12, فروشگاه اینترنتی روژاشاپ,"خرید آنلاین محصولات آرایشی - دوران پاندمی کرونا - جذب مشتری هدفمند - کاربران علاقه‌مند به زیبایی و مد - چالش رقابت در بازار آنلاین - افزایش نرخ تبدیل - تبلیغات مبتنی بر محتوا - هدف‌گیری هوشمند با هوش مصنوعی - کمپین بازگشت کاربران - تقویت سهم بازار اینترنتی








",casestudy,https://www.yektanet.com/casestudy/rojashop/,"نام و نوع کسب‌وکار:
روژاشاپ یک فروشگاه اینترنتی در حوزه محصولات آرایشی، بهداشتی و عطر است که با بیش از ۲۵ سال سابقه، ارائه‌دهنده‌ی کالاهای اورجینال و باکیفیت از برندهای معتبر ایرانی و خارجی می‌باشد. این فروشگاه فعالیت خود را از طریق پلتفرم آنلاین نیز گسترش داده است.

هدف از تبلیغات:
هدف اصلی از اجرای تبلیغات دیجیتال، افزایش فروش آنلاین در دوران پاندمی کرونا و جذب مشتریان هدفمند برای محصولات آرایشی و بهداشتی بوده است.

مخاطبین هدف:
مخاطبان هدف روژاشاپ افرادی هستند که به موضوعاتی مانند زیبایی و مد، خانواده، سلامت و خانه‌داری علاقه‌مندند. این افراد عمدتاً از کاربران فضای آنلاین هستند که به خرید اینترنتی محصولات آرایشی و بهداشتی گرایش دارند.

چالش‌ها:
با آغاز پاندمی کرونا و رشد تقاضای خرید آنلاین، روژاشاپ نیاز داشت تا از میان رقابت گسترده، سهم بازار خود را حفظ و تقویت کند. چالش اصلی، جذب ترافیک باکیفیت به وب‌سایت و تبدیل این بازدیدکنندگان به مشتری واقعی بود.

اقدامات و کمپین‌های اجراشده:
برای دستیابی به اهداف ذکرشده، روژاشاپ با همکاری یکتانت دو نوع کمپین تبلیغاتی اجرا کرد:

    کمپین همسان موضوعی:

        نمایش تبلیغات براساس محتوای صفحات وب که با کمک هوش مصنوعی تحلیل می‌شود.

        استفاده از دسته‌بندی‌های «زیبایی و مد»، «خانواده»، و «خانه‌داری و سلامت» برای هدف‌گیری بهتر مخاطبان.

        هدف از این نوع کمپین، جذب ترافیک اولیه به سایت بود.

    کمپین محصول ریتارگتینگ:

        نمایش تبلیغات به افرادی که قبلاً از صفحات محصول در سایت روژاشاپ بازدید کرده بودند.

        تمرکز این کمپین بر افزایش نرخ تبدیل و بازگشت کاربران علاقه‌مند به سایت بود.

نتایج:

    کمپین‌ها موفق عمل کردند؛ به‌گونه‌ای که نرخ تبدیل کمپین محصول ریتارگتینگ با ۰٫۲۹٪، بیش از دو برابر کمپین همسان موضوعی با نرخ ۰٫۱۱٪ بود.

    این اثبات می‌کند که ترکیب تبلیغات هدفمند محتوامحور و ریتارگتینگ می‌تواند منجر به افزایش مؤثر فروش در فروشگاه‌های آنلاین شود."
13,وبسایت ورزشی فیت‌کلاب,"رژیم غذایی هدفمند - برنامه تمرینی شخصی - فرم مشاوره رایگان - افزایش نرخ تبدیل - تبلیغات همسان کلیدواژه‌ای - ترافیک باکیفیت هدفمند - کاهش هزینه جذب لید - تبلیغات موبایلی موثر - سلامت و تناسب اندام - جذب مشتری بالقوه








",casestudy,,"نام و نوع کسب‌وکار:
فیت‌کلاب، یک مرکز تخصصی در حوزه تناسب اندام، رژیم غذایی و برنامه‌های تمرینی است که با بهره‌گیری از تیمی متخصص به‌صورت حضوری و آنلاین به کاربران کمک می‌کند تا بر اساس ویژگی‌های فردی خود، برنامه‌های مناسب برای سلامت و تناسب اندام دریافت کنند. این کسب‌وکار خدماتی مانند رژیم غذایی، برنامه تمرین و مکمل ارائه می‌دهد.

هدف از تبلیغات:
فیت‌کلاب با اجرای تبلیغات دیجیتال قصد داشت تا تعداد افرادی را که فرم مشاوره رایگان را در وب‌سایت پر می‌کنند افزایش دهد. این فرم نخستین گام برای جذب کاربر و تبدیل آن‌ها به مشتریان بالقوه است.

مخاطبین هدف:
مخاطبان اصلی فیت‌کلاب، افرادی هستند که به دنبال برنامه‌ریزی برای کاهش یا افزایش وزن، رژیم غذایی و ورزش هدفمند هستند. این افراد معمولاً به مطالب مرتبط با «چاقی»، «لاغری»، «رژیم» و سلامت جسمی علاقه‌مند بوده و به صفحات مرتبط در وب مراجعه می‌کنند.

چالش‌ها:
چالش اصلی فیت‌کلاب افزایش نرخ تکمیل فرم مشاوره توسط کاربران واقعی و علاقه‌مند بود. همچنین، نیاز به جذب ترافیک باکیفیت و هدفمند برای کاهش هزینه جذب هر لید، از دیگر دغدغه‌های این مجموعه محسوب می‌شد.

اقدامات و کمپین‌های اجراشده:
با مشاوره یکتانت، فیت‌کلاب از ابتدای تیر تا ۱۵ شهریور ۱۳۹۹ دو نوع کمپین دیجیتال را اجرا کرد:

    کمپین همسان عمومی:

        تبلیغات در جایگاه‌های مختلف و پر بازدید در سراسر وب

        مناسب برای ایجاد آگاهی گسترده و دیده شدن برند

        نرخ تبدیل فرم مشاوره: ۰٫۵۸٪

    کمپین همسان کلیدواژه‌ای (هدفمند):

        نمایش تبلیغات فقط در صفحاتی که شامل کلیدواژه‌هایی مانند «چاقی»، «لاغری» و «رژیم» بودند

        نرخ تبدیل بالاتر: ۰٫۸۳٪

        اثربخشی بیشتر به دلیل ارتباط مستقیم محتوای صفحه با نیاز کاربر

نکته مهم:
کمپین‌هایی که صرفاً روی نمایش در دستگاه‌های موبایل متمرکز شده بودند، عملکرد بسیار بهتری داشتند. این نتیجه با توجه به سهم بالای موبایل در ترافیک یکتانت (۷۵٪) و رقابت کمتر در تبلیغات موبایلی قابل پیش‌بینی بود.

جمع‌بندی:
فیت‌کلاب با انتخاب دقیق نوع کمپین (همسان و کلیدواژه‌ای) و هدف‌گیری درست، توانست نرخ تبدیل فرم مشاوره را به طور معناداری افزایش دهد. کمپین‌های موبایلی نیز در این موفقیت نقش مؤثری داشتند.
تجربه فیت‌کلاب نشان می‌دهد که ترکیب تبلیغات هدفمند و همسان، به‌ویژه با تمرکز بر کلیدواژه‌های مرتبط، می‌تواند برای کسب‌وکارهای حوزه سلامت، تناسب اندام و مشاوره، ابزار مؤثری برای جذب لید و افزایش فروش باشد."
14, فروشگاه اینترنتی کافه گلدون,کسب‌وکار بوت‌استرپ - فروش گل و گیاه آنلاین - افزایش فروش هدفمند - محدودیت بودجه تبلیغاتی - ریتارگتینگ کاربران - پوش نوتیفیکیشن تعاملی - نرخ تبدیل خرید - حفظ تعامل کاربران - رقابت فروشگاه‌های آنلاین - پیام‌های یادآوری و تخفیف,casestudy,,"نام و نوع کسب‌وکار:
کافه گلدون یک فروشگاه اینترنتی در حوزه گل و گیاه است که به‌صورت آنلاین فعالیت می‌کند و به روش بوت‌استرپ (یعنی با تکیه بر درآمد برای تأمین هزینه‌ها) اداره می‌شود. این مجموعه ابتدا با تمرکز بر فروش گیاهان آپارتمانی آغاز به کار کرد و اکنون در حال توسعه به سمت تبدیل شدن به یک پلتفرم جامع گل و گیاه است.

هدف از تبلیغات:
هدف اصلی کافه گلدون از اجرای کمپین تبلیغاتی، افزایش فروش با حداقل هزینه تبلیغات بود. با توجه به محدودیت منابع مالی در مدل بوت‌استرپ، افزایش بازدهی تبلیغات و حفظ کاربران بازدیدکننده اهمیت ویژه‌ای داشت.

مخاطبین هدف:
کاربران علاقه‌مند به خرید گل و گیاه آپارتمانی و فضای سبز که یک‌بار از سایت بازدید کرده‌اند یا محصولاتی را دیده‌اند اما هنوز خرید نکرده‌اند. مخاطبانی که با استفاده از ریتارگتینگ و پوش نوتیفیکیشن می‌توانند مجدداً به سایت بازگردانده شوند و به مشتری تبدیل شوند.

چالش‌ها:

    محدودیت بودجه تبلیغاتی به دلیل ساختار بوت‌استرپی کسب‌وکار

    عدم اقدام ۹۵٪ از کاربران در اولین بازدید و احتمال بازنگشتن ۷۵٪ از آن‌ها

    نیاز به ابزارهایی برای حفظ تعامل با کاربر و افزایش نرخ تبدیل بازدید به خرید

    رقابت با سایر فروشگاه‌های آنلاین گل و گیاه

اقدامات و کمپین‌های اجراشده:
برای رفع چالش‌ها و دستیابی به هدف، کافه گلدون دو مسیر تبلیغاتی اصلی را با همکاری یکتانت و نجوا پیاده‌سازی کرد:

    کمپین ریتارگتینگ محصول (با یکتانت):

        هدف‌گیری مجدد کاربرانی که از محصولات بازدید کرده‌اند

        نرخ تبدیل کلیک به خرید: ۰٫۱۷٪

        تأثیر در فروش کلی: حدود ۱۰٪ افزایش فروش

    کمپین پوش نوتیفیکیشن (با پلتفرم نجوا):

        ارسال پیام‌های یادآوری، تخفیف و پیشنهاد خرید

        نرخ تبدیل: ۰٫۲٪

        تأثیر در فروش کلی: ۲٪ افزایش فروش

جمع‌بندی:
کافه گلدون با اجرای ترکیبی از کمپین‌های ریتارگتینگ محصول و پوش نوتیفیکیشن توانست میزان فروش خود را به میزان ۱۲٪ افزایش دهد. این تجربه نشان داد که در کسب‌وکارهای با منابع محدود، تمرکز بر حفظ تعامل کاربر از طریق تبلیغات هدفمند و بازگشتی (ریتارگتینگ) می‌تواند بازدهی بسیار بالاتری نسبت به روش‌های سنتی داشته باشد."
15,تبلیغات بنری - Banner,تبلیغات بنری - Banner,help,https://www.yektanet.com/help/banner-guide/,"تبلیغات بنری به‌معنای معرفی کسب‌وکار یا محصول آن با استفاده از بنرها در وب‌سایت‌ها، اپلیکیشن‌ها و حتی در صفحهٔ ویدئوهای پربازدید است. این روش تا حدود زیادی همان نقش بیلبورد در فضای آفلاین را ایفا می‌کند. بنرهای تبلیغاتی به ۲ شکل ثابت یا متحرک طراحی می‌شوند و سایز آن‌ها بسته به محل نمایش متفاوت است.

نحوهٔ کار هم به این شکل است که کاربر روی بنر تبلیغاتی شما کلیک می‌کند و به لندینگ پیج موردنظر شما منتقل می‌شود! برخلاف بیلبوردها، شما فقط زمانی هزینه می‌کنید که شخصی روی بنر شما کلیک کند.

مثل تبلیغات بیلبوردی، در تبلیغات بنری هم تلاش می‌کنیم بنرها را در پربازدیدترین محل‌ها نمایش دهیم تا توجه افراد بیشتری را جلب کنیم؛ مثلاً بالای وب‌سایت‌های خبری. همین مسئله هم به افزایش آگاهی از برند (بدون اینکه حتی کاربر روی آن کلیک کند و هزینه کنید) منجر می‌شود.

امکان اندازه‌گیری و تجزیه‌وتحلیل کمپین (مثلاً چند نفر روی آن کلیک کرده‌اند یا چند نفر از طریق این تبلیغات، محصول را خریده‌اند) و همچنین هدف‌گیری مخاطبان (برای مثال، فقط در صفحه‌هایی با موضوع خودرو نمایش داده شود) از دیگر مزایای تبلیغات بنری است.

از موثرترین اندازه‌های بنرهای تبلیغاتی هم می‌توان به موارد زیر اشاره کرد:

    ۱۲۰ در ۶۰۰ پیکسل (عمودی)
    ۴۶۸ در ۶۰ (افقی)
    ۷۲۸ در ۹۰پیکسل (افقی)
    ۳۰۰ در ۲۵۰ پیکسل (افقی)
    ۹۷۰ در ۲۵۰ پیکسل (افقی)
    ۳۰۰ در ۱۰۰ پیکسل (افقی)"
16,تبلیغات بنری در جایگاه‌های ثابت - Banner in Fixed Positions,تبلیغات بنری در جایگاه‌های ثابت - Banner in Fixed Positions,help,https://www.yektanet.com/help/banner-guide/,برخی جایگاه‌های نمایش تبلیغات بنری، به‌عنوان جایگاه‌های ثابت شناخته می‌شوند. مانند بیلبورد که شما آن را برای مدتی اجاره می‌کنید، می‌توانید بنر خود را برای مدت‌زمان مشخصی (مثلاً یک ماه) در این جایگاه‌ها به میلیون‌ها مخاطب نمایش دهید.
17,تبلیغات پروداکت - Product,تبلیغات پروداکت - Product,help,https://www.yektanet.com/help/product-ad/,"همان‌طور که می‌دانید در بسیاری از موارد، کاربران پس از یک بار بازدید از سایتتان از شما خرید نمی‌کنند. به همین خاطر ممکن است خیلی از مشتریان احتمالی را به راحتی از دست بدهید.

اما چگونه می‌توان کاربری را که با تلاش فراوان به سایت خود هدایت کرده‌ایم را به مشتری تبدیل کنیم و درصد نرخ تبدیل را تا حد زیادی افزایش دهیم؟ تبلیغات محصول می‌تواند راه میان‌بر ما باشد.
####

شما با تبلیغات ریتارگتینگ محصول می‌توانید کاربرانی که قبلاً از سایت و مشخصات محصول خاصی بازدید کرده‌اند، ولی به مشتری تبدیل نشده‌اند را مجدداً هدف قرار دهید. به عبارتی دیگر، این نوع تبلیغات با هدف تشویق کاربر به بازدید مجدد از سایتتان طراحی و اجرا می‌شوند!

کارکرد این تبلیغات به این گونه است: افرادی که قبلاً از وب‌سایت شما دیدن کرده‌اند ولی هنوز به مشتری تبدیل نشده‌اند، توسط کوکی‌ها ردیابی می‌شوند. وقتی این افراد در حال بازدید از سایت‌های دیگر هستند، شناسایی شده و با تبلیغات محصول ریتارگتینگ مجدداً مورد هدف قرار می‌گیرند.

به این صورت که محصولات یا خدمات شما به آن‌ها نمایش داده می‌شوند تا دوباره به وب‌سایت شما برگردند و در نهایت مشتری شما شوند.

####
تبلیغات محتوامحور محصول، نسل جدید از تبلیغات محصول هدفمند است. این نوع تبلیغات در صفحاتی نمایش داده می‌شوند که محتوای آن ارتباط نزدیکی با محصولی که قرار است تبلیغ شود، دارد. با مثالی نحوهٔ‌ کارکرد این تبلیغات را توضیح می‌دهیم:

فرض کنید کاربری در حال خواندن مقاله‌ای دربارهٔ «جلوگیری از ریزش مو» در یک سایت پربازدید است؛ در همان زمان، یکتانت به کاربر، تبلیغ «شامپوی ضد ریزش مو» که بسیار مرتبط با نیاز کاربر است به او نمایش می‌دهد.

یکتانت برای نمایش این تبلیغ، محتوای صفحه را بررسی می‌کند و از بین دسته‌بندی محصولات تبلیغ‌کننده، تبلیغ محصولی را که ارتباط زیادی به محتوا دارد، در آن لحظه نمایش می‌دهد.

####
تبلیغات ریتارگتینگ و محتوامحور محصول هر دو برای فروشگاه‌های آنلاین و کسب‌وکارهایی که محصول یا خدماتی برای عرضه دارند، بسیار مناسب هستند و به‌وسیلهٔ آن‌ها می‌توانید کاربران را برای خرید ترغیب کنید.

تبلیغات محتوامحور محصول مخصوصاً برای فروشگاه‌هایی که به‌تازگی فعالیت خود را شروع کرده‌اند و بازدید کمی از وب‌سایتشان می‌شود، بسیار کاربردی است.

لازم است که به این نکته اشاره کنیم که برای انجام تبلیغات محصول ریتارگتینگ، بهتر است کسب‌وکار مربوطه به‌طور متوسط روزانه ۵۰۰ تا بازدید و حداقل ۲۰ نوع محصول به‌طور مجزا داشته باشند. در این صورت بازدهی بالاتری خواهند داشت."
18,"
تبلیغات پوش نوتیفیکیشن - Push Notification","
تبلیغات پوش نوتیفیکیشن - Push Notification",help,https://www.yektanet.com/help/push-notification-guide/,"پوش نوتیفیکیشن‌ها پیام‌های کوتاهِ تعاملی هستند که یک تصویر و یک متن دارند. پوش نوتیفیکیشن‌ها مستقیما به کامپیوتر یا موبایل کاربرها ارسال و توسط آن‌ها دریافت می‌شود.

تبلیغات پوش نوتیفیکیشن به این معناست که از پوش نوتیفیکیشن برای تبلیغ کسب‌وکار خود استفاده کنیم. این نوع تبلیغ تا حدود زیادی شبیه تبلیغات پیامکی است. با این تفاوت که شما به شماره‌تلفن کاربر نیاز ندارید و همان‌طور که گفتیم می‌توانید در کنار پیام خود، از تصاویر جذاب هم استفاده کنید.

شما می‌توانید با کمک تبلیغات پوش نوتیفیکیشن، محصول یا کسب‌وکارتان را به هزاران نفر معرفی کنید. این تبلیغات از طریق وب‌سایت‌های نمایش‌دهنده به دست کسانی می‌رسد که با دریافت پوش نوتیفکیشن موافقت کرده‌‌اند.

یکی از مزیت‌های این نوع تبلیغات هم این است که تا چند ساعت روی دستگاه کاربر فعال می‌مانند.

تبلیغات پوش نوتیفیکیشن چگونه نمایش داده می‌شوند؟

هر پوش نوتیفیکیشن تبلیغاتی شامل ۴ بخش است:

    عنوان: به‌طور معمول حدود ۳۰ کاراکتر است و هدلاین تبلیغ به حساب می‌آید؛
    متن: متن تبلیغ در این بخش گذاشته می‌شود که می‌تواند شامل پیشنهادها و کال‌تواکشن باشد؛
    آیکون: یک تصویر مربعی که می‌تواند لوگوی شما یا تصویری مرتبط با تبلیغ باشد.
    بنر: یک تصویر در ابعاد بزرگ که توجه مخاطب را بیش از پیش جلب می‌کند.

انواع تبلیغات پوش نوتیفیکیشن:
۱. عادی کلیکی
۲. عادی ارسالی
۳. رفتارمحور کلیکی
۴. رفتارمحور ارسالی

این نوع تبلیغات برای دستیابی به اهداف مختلف مثل افزایش ترافیک سایت، جذب لید، جذب مشتری جدید با پیشنهادهای ویژه با مدت‌زمان محدود، افزایش فروش، اطلاع‌رسانی، معرفی سرویس یا محصول جدید مناسب است.

 هزینهٔ این تبلیغات مقرون‌به‌صرفه است و هم اجرای آن بسیار ساده"
19,انواع تبلیغات پوش نوتیفیکیشن - Push Notification,انواع تبلیغات پوش نوتیفیکیشن - Push Notification,help,https://www.yektanet.com/help/push-notification-guide/,"شما می‌توانید تبلیغات پوش نوتیفیکیشن را به ۴ شکل اجرا کنید:

 
۱. عادی کلیکی

در این مدل، تبلیغ به دست تمام مشترکین وب‌سایت‌های نمایش‌دهنده می‌رسد. از آن بیشتر با هدف جمع‌آوری لید استفاده می‌شود و برای کمپین‌های طولانی‌مدت مناسب‌تر است. از طرفی هم برای افزایش ترافیک و جذب کاربر جدید هم مفید است.

هزینهٔ این تبلیغات هم به‌ازای هر کلیک محاسبه می‌شود؛ یعنی وقتی که کاربر روی لینک شما کلیک کرد، مبلغ مشخصی از حساب شما کسر می‌شود.

نمونه پوش نوتیفیکیشن تبلیغاتی
۲. عادی ارسالی

تبلیغ در لحظه برای هزاران نفر ارسال می‌شود. هدف از ارسال این پوش نوتیفیکیشن هم افزایش آگاهی از برند و اطلاع‌رسانی گسترده و مهم است؛ چیزی شبیه ارسال پیامک انبوه! تفاوت آن با عادی کلیکی هم در این است که هزینهٔ آن بر اساس ارسال‌های موفق محاسبه می‌شود.

 
۳. رفتارمحور کلیکی

ابتدا مخاطبان موردنظرتان را انتخاب می‌کنید و سپس پوش نوتیفیکیشن تبلیغاتی شما به دست آن‌ها می‌رسد. در این نوع تبلیغ، گروه خاصی از مشترکین وب‌سایت‌های نمایش‌دهنده را بر اساس رفتار و ویژگی‌های آن‌ها هدف می‌گیرید؛ مثلاً والدین کودک خردسال یا علاقه‌مندان به موضوعات خانه‌داری. این روش برای جذب کاربر کاملاً هدفمند و افزایش فروش مناسب است و هزینهٔ آن هم به‌ازای هر کلیک مخاطب حساب می‌شود.

 

پوش نوتیفیکیشن کافه گلدون
۴. رفتارمحور ارسالی

تنها تفاوت آن با رفتارمحور کلیکی این است که هزینه به‌ازای ارسال‌های موفق محاسبه می‌شود. از آن برای اطلاع‌رسانی در موضوع‌های خاص یا ایجاد افزایش آگاهی از برند در بخش مشخصی از بازار استفاده می‌شود."
20,تبلیغات ویدیویی - Video,تبلیغات ویدیویی - Video,help,https://www.yektanet.com/help/video-guide/,"ویدیو مارکتینگ به‌معنای برقراری ارتباط با مخاطبان و بازاریابی محصولات و خدمات از طریق نمایش محتوای ویدیویی است. به‌طور کلی وقتی تبلیغ را در قالب یک ویدیو به مخاطب نمایش می‌دهیم، تبلیغات ویدیویی انجام داده‌ایم.

طبق آمار ۹۴٪ از بازاریابان موافق هستند که ویدیوها به افزایش درک کاربر از محصول یا خدمات آن‌ها بسیار کمک کرده است؛ همچنین در سال ۲۰۲۲، تحقیقاتی از افراد به عمل آمده که نشان می‌دهد ۸۸٪‌ از افراد مایلند ویدیوهای بیشتری از برندها ببینند.

با تمام این تفاسیر، می‌توان ادعا کرد که گنجاندن ویدیو مارکتینگ در استراتژی هر کسب‌وکاری، با توجه به روند رو به رشد، آن لازم و حیاتی است.

این نکته را هم به خاطر داشته باشید که با تمام مزایای خوبی که تبلیغات ویدیویی دارد، استفاده‌ٔ نادرست و ناآگاهانه از آن، نه‌تنها باعث افزایش بازدید و نرخ کلیک نمی‌شود؛ بلکه ممکن است وجههٔ برند شما را خراب کند و اثر بدی بر ذهن مخاطب بگذارد؛ بنابراین استفاده درست و به‌جا از آن، باید در اولویت قرار گیرد.

اگر قصد داشته باشیم چند مورد از مزایای ویدیو مارکتینگ یا بازاریابی ویدیویی را نام ببریم، می‌توانیم به موارد زیر اشاره کنیم:

    کمک به جلب اعتماد مخاطب
    قابل درک بودن ویدیو نسبت به سایر انواع محتوا
    نرخ بازگشت سرمایه بالا
    قدرت تعامل و وایرال شدن ویدیو در مقابل سایر انواع محتوا

در تبلیغات عادی، ویدیوی شما به تمام کاربرانی که در حال دیدن ویدیوهای سایت نمایش‌دهنده هستند، نشان داده می‌شود. این نوع از تبلیغات ویدیویی برای افزایش آگاهی از برند فوق‌العاده‌ است و به شما کمک می‌کند تا محصول یا خدمتتان را به گوش افراد بسیاری برسانید.

این تبلیغات تنها به کاربرانی که حداقل یک‌بار به سایت شما مراجعه کرده‌اند، ولی مشتری نشده‌اند، نمایش داده می‌شود. این یادآوری مجدد، نه‌تنها برند شما را در ذهن کاربر تثبیت می‌کند؛ بلکه می‌تواند فروش بلند‌مدتتان را نیز افزایش دهد.

یکتانت تبلیغات ویدیویی را به‌شکل pre-roll یعنی به‌صورت پیش‌نمایش ارائه می‌دهد. با ثبت‌نام در پنل یکتانت به‌راحتی می‌توانید کمپین ویدیویی خود را  بسازید و در جایگاه‌های ویژه نمایش بگیرید.

در حال حاضر اکثر کسب‌وکارهایی که قصد افزایش آگاهی از برند یا افزایش ترافیک سایتشان را دارند، می‌توانند تبلیغات ویدیویی را در برنامهٔ بازاریابی خود بگنجانند و به‌وسیلهٔ آن خود را از سایرین متمایز کنند. با این حال بعضی از کسب‌وکارها می‌توانند نتیجهٔ بهتری از این روش تبلیغات داشته باشند از جمله:

     کسب‌وکارهایی که پر رقابت هستند؛ مثل رستوران‌دارها
    مشاغل آنلاین؛ مثل موسسه‌های برگزاری دوره‌های آموزشی
    مراکز ارائه‌کننده خدمات بهداشتی و درمانی؛ برای اطلاع‌رسانی و معرفی خدماتشان
     آن‌هایی که نوپا هستند و مخاطبان کمی دارند؛ مثل کسب‌وکارهای کوچک و محلی
    تمام مشاغلی که ممکن است از دید مخاطب خود پنهان بمانند؛
    موسسات آموزشی که نیاز دارند به مخاطبان خود اطلاع‌رسانی کنند."
21,تبلیغات درون‌اپلیکیشن - InApp - Mobile,تبلیغات درون‌اپلیکیشن - InApp - Mobile,help,https://www.yektanet.com/help/in-app-guide/,"در این نوع تبلیغات، شما یک عمل مشخص تعریف می‌کنید و اگر کاربر نسبت به انجام آن اقدام کرد، مبلغ مشخصی به نمایش‌دهنده می‌پردازید. عمل موردنظر شما می‌تواند هر چیزی باشد؛ از کلیک کاربر و نصب اپلیکیشن گرفته تا خرید و ثبت‌نام.

تبلیغ شما در اپلیکیشن‌ها و بازی‌های موبایل ایرانی به مخاطب به ۲ صورت نمایش داده می‌شود.

نکته: این امکان در یکتانت وجود دارد که از ویدئو در این تبلیغات استفاده کنید.

    بنری استاندارد: یکی از رایج‌ترین فرمت‌های تبلیغات موبایل است. بنر تبلیغاتی شما به کاربر نمایش داده می‌شود تا او را به انجام کاری ترغیب کنید.

    بینابینی: تبلیغ‌ شما به‌صورت تمام‌صفحه در زمان جابه‌جایی کاربر در اپلیکیشن یا بازی نمایش داده می‌شود. برای مثال، فرض کنید کاربر مرحلهٔ اول را در کوییز آو کینگز با موفقیت پشت سر بگذارد. قبل از اینکه به مرحلهٔ بعدی برود، تبلیغ شما ظاهر می‌شود.

انواع تبلیغات موبایل

۳ نوع کمپین تبلیغات موبایل در یکتانت در دسترس است:

 
۱. نصب اپلیکیشن

در این کمپین، شما فقط زمانی هزینه می‌کنید که کاربر اپلیکیشن را نصب کند. کاربر پس از کلیک روی تبلیغ شما، مستقیماً به صفحهٔ دانلود اپلیکیشن هدایت می‌شود.

 
۲. رویداد تگ یکتانت

اگر می‌خواهید کاربر عملی به‌غیر از نصب اپلیکیشن انجام دهد، این نوع کمپین برای شما مناسب است. مثلاً شاید بخواهید فرمی پر کند یا به‌دنبال ثبت‌نام باشید. حتی ممکن است بخواهید کاربر را به خرید ترغیب کنید و پس از اینکه خرید خود را قطعی کرد، هزینهٔ تبلیغ را بپردازید.

مثلاً فرض کنید بخواهید از تبلیغات موبایل برای جمع‌آوری لید استفاده کنید. در این حالت، تا زمانی که کاربر فرم شما را کامل پر نکند و آن را برای شما نفرستد، هزینهٔ تبلیغ از حساب شما کسر نمی‌شود.

 
۳. کلیکی

اقدام موردنظر شما در این نوع کمپین، کلیک کاربر است. به‌محض اینکه کاربر روی تبلیغ کلیک کند، مبلغ مشخصی – که از قبل تعیین کرده‌اید – از حساب شما کسر می‌شود. این کمپین برای افزایش آگاهی از برند یا افزایش ترافیک مناسب است."
22,تبلیغات درون‌اپلیکیشنی برای چه کسب‌وکارهایی مناسب است,تبلیغات درون‌اپلیکیشنی برای چه کسب‌وکارهایی مناسب است,help,https://www.yektanet.com/help/in-app-guide/,"اولین چیزی که به ذهن همه می‌رسد: تبلیغات در موبایل فقط برای نصب اپلیکیشن خوب است!

این یکی از آن اشتباه‌هایی است که باعث می‌شود از فرصت ناب حضور در محبوب‌ترین اپلیکیشن‌های ایرانی محروم شوید. چرا؟

چون شما می‌توانید با کمک تبلیغات موبایل به اهداف مختلف دیگری هم دست پیدا کنید:

    ایجاد یا افزایش آگاهی از برند؛
    تشویق مخاطب به انجام عملی مشخص مثل ثبت‌نام، خرید یا پرکردن فرم.

مثلاً وقتی پای ایجاد آگاهی از برند در میان باشد، می‌توانید به سراغ مدل کلیکی بروید؛ فقط زمانی هزینه می‌کنید که کاربر روی تبلیغ کلیک کند.

ممکن است این نوع کمپین گاهی اوقات به خرید یا ثبت‌نام هم منجر شود؛ ولی به‌طور کلی، برای همان آگاهی از برند خوب است.

در مقابل، این امکان وجود دارد زمانی هزینه کنید که کاربر عمل مشخصی را انجام دهد؛ مثلاً فرمی پر کند (گرفتن لید)، محصولی بخرد (فروش) یا ثبت‌نام کند.

پس برای اینکه به پاسخ درستی برای این سؤال برسیم، باید ببینیم هدف شما چیست تا مشخص شود آیا تبلیغات موبایل می‌تواند به شما کمک کند یا باید روش دیگری را انتخاب کنید.

مثلاً ممکن است بخواهید لیدهای زیادی را در مدت‌زمان کوتاه و بدون تمرکز روی آگاهی از برند جذب کنید. در این حالت، احتمالاً ترجیح می‌دهید زمانی برای تبلیغات هزینه که به لید منجر شود.

کسب‌وکارهای کوچک و نوپا بیشتر از هرچیزی به بازگشت سرمایه نیاز دارند. آن‌ها فرصت کافی برای ایجاد و افزایش آگاهی از برند ندارند و ترجیح می‌دهند از طریق تبلیغات، تعداد نصب اپلیکیشن یا ثبت‌نامی‌های خود را در مدت‌زمان کوتاهی افزایش دهند. این نوع تبلیغ برای این کسب‌وکارها بسیار مناسب است؛ چراکه آن‌ها می‌توانند از ظرفیت نمایش‌دهنده‌ها برای رسیدن به هدف خود استفاده کنند.

البته کسب‌وکارهای بزرگ هم می‌توانند از این نوع تبلیغ هم بهره ببرند. مثلاً‌ لید بیشتری جمع‌آوری کنند یا افراد بیشتری را به نصب اپلیکیشن ترغیب کنند.

به‌طور کلی، اگر می‌خواهید مخاطبی متناسب با یک هدف مشخص (مثل ثبت‌نام یا فروش) جذب کنید، این روش را در برنامه‌های خود بگنجانید؛ چراکه احتمال جذب مخاطب غیرمرتبط بسیار پایین می‌آید."
23,هدف افزایش آگاهی از برند یا محصول,هدف افزایش آگاهی از برند یا محصول,help,https://www.yektanet.com/help/brand-awareness/,"آگاه‌سازی اولین مرحله مسیر تبدیل شدن مخاطب به مشتری است. آگاه‌سازی یعنی این که افراد متوجه شوند کسب‌وکار، برند یا محصول شما وجود دارد و با آن آشنا شوند.

از هر روش بازاریابی یا تبلیغاتی که استفاده کنید، به نوعی باعث آگاه‌سازی هم شده‌اید. فرقی نمی‌کند تبلیغات آفلاین مثل نصب بیلبورد در خیابان انجام دهید یا از تبلیغات پیشرفته اینترنتی استفاده کنید، در هر صورت افراد زیادی نام برند، نام محصول و محتوایی را که ساخته‌اید را می‌بینند و از وجودش آگاه می‌شوند.

اگر تبلیغاتی فقط جنبه آگاه‌سازی دارد، نباید از آن انتظار بیشتری داشته باشید؛ این مساله به ویژه در فروش و بازاریابی محصولاتی که قیمت بالایی دارند یا تصمیم‌گیری برای خریدشان سخت است اهمیت بیشتری دارد.
نکات مهم در هدف آگاه‌سازی

جلب توجه یک فاکتور مهم در تبلیغات است و در محله آگاه‌سازی اهمیت بیشتری دارد چون فقط دیده شدن یا شنیده شدن در این مرحله کافی است. تکنیک‌ها و نکات ایجاد جلب توجه در طراحی گرافیکی، ویدیو و دیگر انواع محتوا را می‌توانید به کار بگیرید.

آگاه‌سازی چیزی نیست که یک شبه اتفاق بیفتد. تبلیغات یا هر روش دیگری که استفاده می‌کنید باید مستمر و مکرر باشد تا هم افراد جدید و بیشتر را آگاه کنید و هم این که از ذهن‌ها فراموش نشوید. 

اندازه‌گیری و سنجش میزان آگاه‌سازی نسبت به سایر مراحل سخت‌تر است. با نظرسنجی می‌توان میزان آگاهی از برند یا محصول را اندازه گرفت و شاخص‌هایی مثل ایمپرشن یا View و نرخ تعامل هم در هر کمپین تبلیغاتی برای سنجش آگاه‌سازی مناسب هستند.

توصیه می‌شود که این هدف را با سایر اهداف ( جذب و تبدیل) ترکیب کنید تا همزمان با یک تیر دو نشان بزنید؛ یعنی سراغ روش‌هایی بروید که هم برای شما لید بیاورد و هم مشتری و فقط آگاه‌سازی به تنهایی نباشد.

هرچند آگاه‌سازی مرحله‌ای ابتدایی و پایه است و شاید به آن اهمیت ندهند، اما توجه کنید که آگاه‌سازی اشتباه می‌تواند باعث شود هزینه‌های شما در مراحل بعدی هم به هدر برود. تصور کنید که توضیح مبهم یک محصول چطور می‌تواند باعث شود که مشتریان زیادی فقط به دلیل برداشت اشتباه و ناآگاهی هیچ وقت به سراغش نروند.
* کدام روش‌ها بیشترین تاثیر را در آگاه‌سازی دارند؟

همانطور که گفتیم، تقریبا تمام روش‌های تبلیغات و بازاریابی به نوعی به آگاه‌سازی کمک می‌کنند اما بعضی روش‌های تاثیر بیشتری دارند.

به طور خلاصه، روش‌هایی که در زمان کوتاهی افراد بیشتری را هدف می‌گیرد و پیام شما را بهتر منتقل می‌کنند، تاثیر بیشتری هم در آگاه‌سازی دارند. در اصل باید دنبال این باشیم که جایگاه خوبی در ذهن مشتری پیدا کنیم.

از بین روش‌های مختلف برای آگاه‌سازی، این چند روش تاثیر بیشتری دارند:

    تبلیغات در شبکه‌های اجتماعی
    تبلیغات در سایت‌‌های پربازدید
    کمپین‌های گوریلا مارکتینگ و محتوای وایرال
    تبلیغات شهری مثل بیلبورد و تابلوهای خیابان

هر چقدر روشی که انتخاب می‌کنید با هزینه کمتر جمعیت بیشتری از جامعه هدف را آگاه کند، روش بهتری خواهد بود.
* یکتانت چه کمکی در آگاه‌سازی می‌کند؟

یکتانت و زیرمجموعه‌های آن می‌توانند برای تبلیغات در سایت‌ها و اپلیکیشن‌های پربازدید و همچنین در شبکه‌های اجتماعی مفید باشند.

تبلیغات همسان، تبلیغات بنری و درون اپلیکیشنی و تبلیغ ویدئویی از بهترین روش‌ها برای افزایش آگاهی از برند و محصول هستند.
* تبلیغات در شبکه‌های اجتماعی

علاوه بر مواردی که گفته شد، برای تبلیغات در شبکه‌های اجتماعی می‌توانید از جریان، یکی از زیرمجموعه‌های یکتانت هم برای آگاهی از برند استفاده کنید. جریان یک پلتفرم تبلیغات در شبکه‌های اجتماعی است و کمک می‌کند که تبلیغاتتان را توسط اینفلوئنسرها، پیج‌های اینستاگرامی و کانال‌های تلگرامی منتشر کنید."
24,هدف جذب لید,هدف جذب لید,help,https://www.yektanet.com/help/brand-engagment/,"۱. مفهوم “جذب” و اهمیت آن
جذب یعنی شکار مشتریان بالقوه‌ای که هنوز خرید نکرده‌اند اما علاقه یا نیاز دارند؛ از راه‌هایی مثل ثبت‌نام، پر کردن فرم، دنبال کردن شبکه‌های اجتماعی، تماس و… 
.

اهمیت آن در ایجاد لیستی از لیدهاست که با هزینه و تلاش کمتر می‌توان آن‌ها را در آینده به مشتری تبدیل کرد.

حذف این مرحله می‌تواند هزینه‌ی جذب مشتری (CAC) را افزایش دهد 


۲. روش‌ها، نکات و کانال‌های موثر
روش‌های جذب رایج: عضویت در سایت، دنبال‌کننده در شبکه‌های اجتماعی، فرم مشاوره/تخفیف، خبرنامه، پوش نوتیفیکیشن، نصب اپلیکیشن، دانلود رایگان، وبینار، تماس تلفنی 


نکات کلیدی برای موفقیت در جذب:

وعده‌ی جذاب (مثلاً مشاوره رایگان یا کد تخفیف)،

طراحی لندینگ پیج و فرم ساده،

استفاده از ابزارهای اتوماسیون (ریتِنشن مارکتینگ)،

دسته‌بندی و سگمنت‌بندی لیدها،

فاصله‌گذاری زمانی مناسب بین جذب و تبدیل،

پایبندی به وعده‌ها،

بهینه‌سازی مستمر کمپین‌ها 

کانال‌های پیشنهاد‌شده برای جذب: جذب فالوور شبکه‌های اجتماعی، تبلیغات کلیکی همسان، درون‌اپلیکیشنی، و گوگل‌ادز 

۳. نقش یکتانت در جذب لید
یکتانت ابزارهای مختلف تبلیغاتی برای جذب بالقوه‌ها ارائه می‌دهد، از جمله:

تبلیغات همسان هدفمند،

تبلیغات موبایل (درون‌اپلیکیشن)،

پوش نوتیفیکیشن‌ها،

گوگل ادز 


همچنین زیرمجموعه‌هایی مثل نجوا (ارسال پیامک/ایمیل/پوش‌نوتیفیکیشن) و جریان (تبلیغات شبکه‌های اجتماعی) به کمک کسب‌وکارها می‌آیند تا لیدها را جذب و مدیریت کنند "
25,هدف افزایش فروش,هدف افزایش فروش,help,https://www.yektanet.com/help/brand-conversion/,"۱. اهمیت مرحله فروش در چرخه بازاریابی
مرحله فروش، نقطه نهایی تصمیم‌گیری کاربر برای خرید یا استفاده از خدمات است و به‌عنوان مهم‌ترین بخش چرخه بازاریابی شناخته می‌شود. موفقیت در این مرحله نیازمند عبور مؤثر از مراحل قبلی مانند آگاهی، جذب لید و ایجاد وفاداری است. تنها عامل مؤثر بر فروش، قیمت نیست؛ بلکه عواملی مانند مزیت رقابتی، اعتبار برند، کیفیت محصول و خدمات پس از فروش نیز نقش کلیدی دارند.

۲. راهکارهای کلیدی برای افزایش فروش
برجسته‌سازی مزیت‌های برند نسبت به رقبا

ارائه قیمت و مشخصات به‌صورت شفاف برای امکان مقایسه

نمایش نظرات مشتریان برای جلب اعتماد

استفاده از ریتارگتینگ برای بازگرداندن بازدیدکنندگان قبلی

ارائه نسخه آزمایشی یا نمونه رایگان

پاسخ به سؤالات متداول در صفحه خرید

کمپین‌های فروش با محدودیت زمانی یا تعداد (ایجاد حس فوریت)

نمایش اعتبار برند (نشان اعتماد، سابقه، مشتریان شناخته‌شده)

استفاده از تصاویر واقعی و باکیفیت از محصول

اجرای دوره‌ای کمپین‌های تبلیغاتی متناسب با مناسبت‌ها و رفتار مخاطب

۳. ابزارهای یکتانت برای افزایش فروش
تبلیغات محصول: تبلیغات خودکار برای فروشگاه‌های آنلاین با تعداد زیاد محصول که در هزاران وب‌سایت ایرانی منتشر می‌شوند.

تبلیغات هدفمند: نمایش تبلیغات به گروه‌های خاص مثل دانشجویان یا مادران خانه‌دار با دقت بالا

ریتارگتینگ: هدف‌گیری بازدیدکنندگانی که سایت را بدون خرید ترک کرده‌اند یا سبد خرید رها کرده‌اند

خدمات سئو: مشاوره و اجرای بهینه‌سازی برای جذب مخاطب از جستجوی گوگل و افزایش ترافیک ارگانیک"
26,هدف وفادارسازی مشتریان,هدف وفادارسازی مشتریان,help,https://www.yektanet.com/help/brand-loyalty/,"۱. اهمیت وفادارسازی مشتریان
وفادارسازی به مجموعه اقداماتی اطلاق می‌شود که موجب می‌شود مشتریان قبلی دوباره از شما خرید کنند و ارتباطشان با شما قطع نشود. در بسیاری از کسب‌وکارها، تمرکز اصلی بر جذب مشتریان جدید است، اما حفظ مشتریان موجود می‌تواند تأثیر بیشتری در موفقیت بلندمدت داشته باشد. هزینه جذب مشتری جدید پنج برابر بیشتر از هزینهٔ حفظ مشتریان فعلی است.


۲. استراتژی‌های مؤثر برای حفظ و بازگشت مشتریان
جمع‌آوری بازخورد: نظرات و تجربیات مشتریان را دریافت کرده و در صورت وجود مشکلات، آن‌ها را برطرف کنید.

پشتیبانی ۲۴ ساعته: ارائه پشتیبانی مستمر برای رفع نیازهای مشتریان.

ارائه تخفیف یا هدیه: ارائه کد تخفیف یا هدیه برای خریدهای بعدی مشتریان.

ارتباط مستمر: استفاده از سیستم‌های ریتنشن مارکتینگ مانند پیامک، ایمیل و پوش‌نوتیفیکیشن برای حفظ ارتباط با مشتریان.

ارائه پیشنهادات جدید: ارائه محصولات یا پیشنهادات جدید از طریق کمپین‌های جذاب.

تبلیغات ریتارگتینگ: استفاده از تبلیغات هدفمند برای مشتریان قبلی با پیشنهادهای جدید.

ارزش‌گذاری به مشتریان قدیمی: ارائه خدمات یا محصولات جدید ابتدا به مشتریان قدیمی.

دعوت به تعامل در شبکه‌های اجتماعی: تشویق مشتریان به دنبال کردن برند در شبکه‌های اجتماعی.

درخواست نظرات مثبت: درخواست از مشتریان برای اشتراک‌گذاری تجربیات مثبت خود.

ارسال هدیه‌های مناسبتی: ارسال هدیه‌های ویژه در مناسبت‌های خاص به مشتریان.

۳. ابزارهای یکتانت برای تقویت وفادارسازی
یکتانت ابزارهایی را برای حفظ و بازگشت مشتریان ارائه می‌دهد:

تبلیغات ریتارگتینگ: مؤثرترین ابزار برای بازگشت مجدد مشتریان از طریق تبلیغات هدفمند.

سرویس نجوا: پلتفرمی برای ارسال پیامک، ایمیل و پوش‌نوتیفیکیشن به مشتریان.

پیامک: ارسال کد تخفیف، رسید خرید و کمپین‌های فروش ویژه.

ایمیل: ارسال ایمیل‌های شخصی‌سازی‌شده برای حفظ مشتری.

پوش‌نوتیفیکیشن: ارسال نوتیفیکیشن‌های هدفمند برای هدایت مشتریان به خریدهای جدید.

استفاده از این ابزارها می‌تواند به حفظ مشتریان و افزایش وفاداری آن‌ها کمک کند."
27,هدف افزایش ترافیک سایت,هدف افزایش ترافیک سایت,help,https://www.yektanet.com/help/traffic_increase/,"افزایش ترافیک وب‌سایت به معنای افزایش تعداد بازدیدکنندگان و کاربران است که از منابعی مانند گوگل، ورود مستقیم یا تبلیغات حاصل می‌شود. اینترنت به عنوان راهی برای کسب درآمد، نیازمند دیده شدن توسط کاربران است. برای افزایش ترافیک وب‌سایت سه روش اصلی شامل بهینه‌سازی موتور جستجو (SEO)، تبلیغات گوگل ادز و تبلیغات عمومی (مانند تبلیغات نیتیو و بنری) وجود دارد.

روش‌های کاربردی افزایش ترافیک
SEO و تولید محتوا: این روش ارزان‌ترین و بهترین راه برای افزایش ترافیک ارگانیک بلندمدت است. با این حال، زمان‌بر بوده و معمولاً 6 ماه تا یک سال برای مشاهده نتایج محسوس زمان نیاز دارد.

تبلیغات گوگل ادز: با پرداخت هزینه، کسب‌وکارها می‌توانند در صفحه اول نتایج جستجوی گوگل نمایش داده شوند. این روش به سرعت ترافیک و مشتریان را به سمت وب‌سایت هدایت می‌کند.

تبلیغات کلیکی: این نوع تبلیغات با هدف افزایش سریع ترافیک، منجر به نرخ تبدیل بالاتر و افزایش آگاهی از برند در صورت اجرای صحیح می‌شود.

انتخاب استراتژی مناسب و خدمات یکتانت
انتخاب استراتژی افزایش ترافیک باید بر اساس بودجه، نوع محصول و زمان در دسترس تعیین شود. توصیه می‌شود همیشه بهینه‌سازی موتور جستجو (SEO) و تولید محتوا را به دلیل مقرون به صرفه بودن و نتایج بلندمدت در اولویت قرار دهید. در کنار SEO، پیگیری مستمر تبلیغات (مانند گوگل ادز یا تبلیغات کلیکی) بر اساس بودجه و اهداف برای افزایش درآمد ضروری است. یکتانت روش‌های تبلیغاتی متعددی از جمله تبلیغات نیتیو، تبلیغات بنری، تبلیغات محصول و پوش نوتیفیکیشن‌ها را برای افزایش ترافیک ارائه می‌دهد. همچنین، تریبون (زیرمجموعه یکتانت) به منظور انتشار رپورتاژ آگهی با بک‌لینک برای بهبود سریع رتبه در نتایج جستجوی گوگل و حمایت از SEO کاربرد دارد."
28,هدف افزایش نصب اپلیکیشن,هدف افزایش نصب اپلیکیشن,help,https://www.yektanet.com/help/app_install/,"کسب و کارهایی که اپلیکیشن دارند یا سازنده‌های بازی‌ها، برای افزایش نصب اپلیکیشن نیاز به تبلیغ دارند. نصب اپلیکیشن یک هدف خاص و مشخص است و به خاطر همین باید دقت بیشتری برای تبلیغات با این هدف، به خرج دهید.

به جز تبلیغات، برای افزایش نصب اپلیکیشن که در ادامه توضیح می‌دهیم، می‌توانید از اقدامات دیگری مثل سئو، تولید محتوا و تبلیغات آفلاین هم استفاده کنید اما تبلیغات CPA بازدهی سریع‌تری دارد و فقط در ازای نصب اپلیکیشن هزینه پرداخت می‌کنید.

تبلیغات مخصوص نصب اپلیکیشن یکی از سرویس‌های جذاب یکتانت است که بیشترین بازدهی را برای نصب اپ دارد.

تبلیغات نصب اپلیکیشن چیست و چطور کار می‌کند؟

انواع مختلفی از تبلیغات و جایگاه‌های تبلیغاتی درون اپلیکیشنی وجود دارد که در هزاران اپلیکیشن و بازی به کاربرها نمایش داده می‌شود و کاربر با کلیک بر روی تبلیغ به صفحه نصب اپلیکیشن هدایت می‌شود.

با استفاده از این خدمات، به لیستی جامع از بهترین و معتبرترین اپلیکیشن‌های نمایش‌دهنده ایرانی دسترسی دارید و می‌توانید از بین آنها با توجه به نوع کسب‌وکارتان، انتخاب کنید.

نکته مهم: برای استفاده از تبلیغات نصب اپلیکیشن باید اپ یا بازی در کافه بازار، گوگل پلی یا استورهای دیگر منتشر شده باشد.

انواع روش‌های پرداخت هزینه:

 روش‌های هزینه‌ در تبلیغات درون اپلیکیشنی بر اساس نصب (CPI)، هزینه بر اساس کلیک (CPC) یا هزینه براساس اقدام یا تگ (CPA) است.

شما می‌توانید به ازای هر نصب اپلیکیشن هزینه پرداخت کنید که روش بهینه و به صرفه‌ای برای هدف نصب اپلیکیشن است.

ما در یکتانت با استفاده از الگوریتم هوشمند و ساخت محتوای تبلیغاتی پیشرفته، به افزایش بازدهی تبلیغات شما کمک می‌کنیم."